name,latestVersion,lastWeekDownloads,modifiedAt,latestPublishedAt,license,repository
"esbuild","0.28.2","299872426","2026-08-08T20:00:55.803Z","2026-08-08T20:00:55.454Z","MIT","git+https://github.com/evanw/esbuild.git"
"eslint","10.12.0","161610242","2026-10-02T20:08:19.639Z","2026-10-02T20:08:19.213Z","MIT","git+https://github.com/eslint/eslint.git"
"jest","30.5.2","46281030","2026-09-18T13:58:07.334Z","2026-09-18T13:58:07.141Z","MIT","git+https://github.com/jestjs/jest.git"
"npm","12.2.0","16227183","2026-09-30T18:08:02.767Z","2026-09-30T16:46:11.700Z","Artistic-2.0","git+https://github.com/npm/cli.git"
"nx","23.3.0","10638735","2026-10-07T15:17:24.459Z","2026-10-07T15:17:23.790Z","MIT","https://github.com/nrwl/nx.git"
"pnpm","12.10.1","215044702","2026-10-09T17:35:58.969Z","2026-10-06T17:35:56.043Z","MIT","https://github.com/pnpm/pnpm"
"prettier","3.9.9","137890627","2026-09-23T06:31:34.923Z","2026-09-23T06:31:34.693Z","MIT","git+https://github.com/prettier/prettier.git"
"rollup","4.64.3","101092352","2026-10-08T18:12:28.430Z","2026-10-08T18:12:28.020Z","MIT","git+https://github.com/rollup/rollup.git"
"tsx","4.23.15","96758167","2026-09-20T07:22:18.060Z","2026-09-20T07:22:17.792Z","MIT","git+https://github.com/privatenumber/tsx.git"
"turbo","2.11.7","29454151","2026-10-08T18:57:36.598Z","2026-10-02T14:58:24.627Z","MIT","git+https://github.com/vercel/turborepo.git"
"typescript","7.0.2","304528871","2026-10-09T08:25:20.934Z","2026-07-08T15:55:18.431Z","Apache-2.0","git+https://github.com/microsoft/TypeScript.git"
"vite","8.3.4","193932234","2026-10-08T12:07:04.837Z","2026-10-08T12:07:04.441Z","MIT","git+https://github.com/vitejs/vite.git"
"vitest","5.0.3","123007750","2026-09-30T11:30:42.795Z","2026-09-30T11:30:42.429Z","MIT","git+https://github.com/vitest-dev/vitest.git"
"webpack","5.111.1","54913059","2026-09-18T11:27:14.014Z","2026-09-18T11:27:13.638Z","MIT","git+https://github.com/webpack/webpack.git"
"yarn","1.22.22","9025581","2025-11-27T07:52:42.118Z","2024-03-09T21:35:40.868Z","BSD-2-Clause","git+https://github.com/yarnpkg/yarn.git"
